Measured Voltage,
Time (s),Voltage (V)
2,7.601888814
4,11.50224555
6,5.848188575
8,7.296037823
10,4.077349196
12,3.759424334
14,3.331735262
16,1.470510557
18,5.215021318
20,7.924768027
22,3.846383183
24,2.623389512
26,9.048238467
28,6.384093182
30,10.85692798
32,10.62796235
34,10.38025447
36,11.07237727
38,8.265288307
40,11.45608275
42,5.835952495
44,7.445828853
46,4.403278811
48,2.678830343
50,11.85876484
52,3.091777601
54,10.10914359
56,2.413612681
58,4.662540924
60,5.060860762
